0xAX,2211
0xisaac,16
100million,6
18pfsmt,63
1yantang,3
2drew3,128
2lakitten,9
365socialmedia,4
4p3,5
ABIV,3
AChurikov,3
Aaronneyer,98
AdaRoseEdwards,3
Aga,3
AlVarion,8
AlexMcP,22
AlphaGolf,4
AndrewGaspar,273
AriBernstein,3
ArizonaGreen,13
Arib,4
Asmodeus,51
Astralik,7
AsymetricCom,20
BBMShirts,3
Baldini,6
Berkana,6
BestVPNposts,261
BigFatGangsta,33
Bigdognec,118
Bill_Dimm,225
Bobbyeblue,3
Briscoe,4
BryanLunduke,400
CHaro,6
CYBEREXPO,3
CayceBalara,3
ChrisCinelli,287
ChrisEYin,19
ChrisMorrisOrg,3
ClaudeYin,3
ClaudiaSalinger,23
ClifReeder,930
Coffeelurker,19
DaNmarner,1142
Dag2,10
DavidHiggins,3
DesaiAshu,690
Dillon,4
DoctorProfessor,199
DotOrg,278
DrScorpion,3
Drengin,5
Dubb,5
EatenByGrues,3
Eduardo3rd,346
EkaterinaLe,5
ExxonValdeez,7
FilWisher,10
Fmresource,8
ForYouMp3,19
Fr0styMatt,42
FraaJad,1431
FungibleFred,18
GDH,298
George-Kaplan,3
GraffitiTim,843
Ground_z,3
Gulthor,16
Gys,57
Heliner,5
HeyHeyESJ,6
HowardRoark,19
I_will_get_mad,39
Ideka,539
IgorCarron,83
InsideReCaptcha,216
JBirdVegas,6
JDoty,27
JackofNoTrades,4
JamesAdir,34
JamesBrooks,3
James_Duval,23
JanHancic,23
JayNeely,1136
Jerico,384
Jesicadavid,3
JevSaz,4
Jitesh,4
JoeAltmaier,9
JonLAFT,3
Jonathan5,9
Jongseong,3
Josau,45
Josh412,4
JoshLopour,3
Joshim5,60
JulianGarnier,289
Julianhearn,55
Keith_Lee,36
Kellel,10
Killswitch,1369
Kmaschta,7
KnowltonThomas,65
Kurtz79,11
Leepic,203
LegNeato,19
LemonDrizzle,3
LemonadeDev,11
LeoNatan25,430
Levenhuk,10
Lisareed900,4
LlamaHead,4
Luchian,26
Madawar,22
Makandix,13
Markus2009,4
Mc_Big_G,310
ModestTim,3
Moeancurly,77
Moocar,23
MortusMox,4
Moxxi,7
MrValdez,188
Nekorosu,9
NiK0laI,6
NinaVV,10
Nitramp,15
NotASithLord,4
OliverCastro,13
Omie6541,121
Ookami86,11
OrangeTux,123
Panoramix,1055
PaulFreund,10
PendulumMoves,14
ProtoBeard,3
PureSin,8
RJYMProductions,8
RJaswa,7
RWilson,145
Rabidmonkey1,22
RawData,148
RazvanGirmacea,5
ReTelTech,27
ReinH,13
Risse,9
Roaster,3
RobSim,73
RobertKohr,62
RoboTeddy,447
RoxyFoxy,13
SchizoDuckie,897
SecUpwN,4
SecurityEng,57
Shaheen4786,15
Shenglong,1171
SiliconAlley,29
Sjors,9
SkyRocknRoll,246
Spakman,1261
Spike,5
SystemOut,139
TTringas,437
TamDenholm,1142
TeachThrowaway,5
Terretta,1595
TheMustApp,38
TheThing,17
Theaxiom,23
Tiks,56
Tiusto,177
TomStrickland,165
Toyotaseat,4
TransientMuse,3
Trisell,131
TuxMulder,186
Two9A,182
UCDeseMuscles,5
Unzo,34
VSerge,324
VinzO,156
Walkyria,4
Wesmax27,44
WillBarron,11
WingForward,144
__darknite,25
__ralph,5
__voidcast__,5
_davidchambers,6
_jails_,11
_mtroy,34
_rknLA,109
_tz,7
aabelha,246
aaronmerriam,4
abagoly,4
abayer,129
abddlt,10
abetaha,652
abhay_agarwal,6
abhijitr,334
abhikandoi2000,112
abhishektiwari,4
abhishiv,4
abstrct,39
abyx,902
acacio,3
acapland,113
acjohnson55,1701
ad93611,582
adamgravitis,11
adamkornfield,10
adamsummers,3
adamwulf,192
adarshaj,9
addies,5
adenner,206
adjohn,24
adrianasmt20,9
adventureful,419
adk,35
aerosmile,303
aespinoza,5673
aesraethr,18
afics,375
aflag,8
afzee,17
agentx,195
agmac,3
agschwender,52
agl,159
ahallock,15
ahmed4444,8
ahunzekerhesed,64
airbone,12
air7,3
ajdlinux,44
ajonit,69
ajwilco,6
aks_c,360
akshaym,276
akumen,83
akurilin,11
alain94040,1834
alan_cx,464
alex3t,23
alexanderpop,3
alexis,410
alexmr,987
alexviktorberka,3
alnayyir,180
altoz,3
amayne,242
amigabit,10
amilr,441
aminbandali,91
aminerol,3
amishandroid,46
amybsod,6
amyleigh,39
anakin,5
ananddass,1034
anandiyer,192
ananthakumaran,11
andershaf,13
andrei4002,7
andrewdsouza,3
andrewfong,801
andrewgross,94
andy_ppp,15
andyv88,140
angrymozuser,32
anishdhar,5
anonymous_lol,3
anrope,91
antacid,5
antonovka,156
anumyoon,6
anushamurthy,4
anythingbutipad,3
apniproperties6,4
appsplit,40
arantius,38
arasakik,357
arch108,3
ardfank,230
arielm,425
arkad,12
armored,187
arnemart,642
arnieswap,650
asadi,32
asdlfj2sd33,146
aseemk,198
ashontell,3
ashtongardens,5
ashutoshrajput1,16
ask_throwaway,13
askbill,3
asg,23
ataggart,121
atentaten,102
atiw,12
aunty_helen,5
aus120,30
austin_e,54
auston,2078
autolico,27
avarachan,3
awesom3,83
ayusaf,168
azure-satellite,3
b44rd,8
babablacksheep,11
bajaj,11
bandris,1171
barfoomoo,9
barrachri,6
barrettcolin,4
barryfreed,8
bbbcoupons,3
bblink,3
bc619,6
bcrimmins,5
beaker52,218
beams_of_light,12
beaudeal,102
bellerocky,23
benaiah,48
benanne,240
benedik,7
beneflux,7
benjamincano,3
benjaminwil,3
bennet,12
bennyhodge3,8
benz145,43
berndg,42
bestpcinfos,27
betzerra,14
bfstein,12
bhudman,79
bigheartbaby,6
billcurt,101
billmcneale,17
binarydreams,1687
birsch,91
bitrot,3
bitshare,23
biztech,6
bj1,47
bking,205
bkzl,31
blackbeauty391,5
blakebyers,13
blowski,148
blucia0a,10
bluish,8
bni,67
bobj,66
bochi,252
boie0025,3
bolinfest,141
boomslam,4
bootdaddy,3
bootstraptor,7
bosshog,210
boy88,127
boyani,3
bpatrianakos,180
bproper,4593
bradgessler,2118
brainstrong,3
braksa,3
brandowner,3
brannerchinese,4
brazzy,320
brchen,78
brd529,29
breadboxer,3
breggels,8
brianchesky,1136
brianmario,45
brok3nmachine,32
bronsontaylor,32
brookemill,3
brownegg,195
brymaster,231
bsdpunk,122
bsullivan01,158
bttf,21
btd,27
bugsmasher,80
bwishes,41
byandyphillips,9
byg80,75
bymoonwalker,21
byron_fast,6
c250d07,36
caffeine,28
calebhc,32
camatlarge,6
campuscodi,486
canercandan,3
cannibal,3
canny,12
carlaeng,8
carlosdic,8
carlostaborda,73
caseyb89,6
cassandra,7
cbzink,3
ccifastnet,3
cclemens,6
cconcepts,38
cdr,84
cedric174,3
cek,2093
cfontes,2200
chad_strategic,46
chalovina,73
changetheworld,13
charliepinto,61
cherylsummers72,104
chevas,10
chibea,342
chiochio,11
choko,78
chopete,7
chrishaines,3
chrisharris,20
christelb,57
cienrak,706
cilantro1994,3
cj119twgtwg,5
ckevinc,6
cl3m,556
clarkbw,359
climbingahead,7
clipart,9
clojuredev,14
cloudabilly,28
cloudpre,13
cmart,54
cnotes,4
co-founder,3
cocoaloco,15
codeaffine,3
codecraig,8
codereview11214,32
codeskyblue,4
coffeeheist_com,4
colortone,241
confusedhacker,3
consideration,3
coreyeastman,23
coreyp_1,33
cormiston,102
corneliapauline,3
cosiner,6
cpolis,98
craigburke,5
crazy_moka,3
crazydiamond,3
crazyphoton,72
crispy2000,22
crisson,9
crix,7
cromica,22
cruise4914,7
cseelus,35
cspence,8
cssndrx,27
cstross,2872
cthiebaud,3
cubtastic71,27
cumulative,6
curioxity,9
cwebberops,21
cybertec,6
cyber1,400
cydiaism,272
cylinder714,48
cypherdeck,18
cyruskazemi,22
cyrusradfar,604
czccaxj55,4
czr80,1241
czstrong,118
cj,948
daddymodern,3
dailyarv,3
damien7579,24
dan128dr,7
danbartlett,6
danbonds,5
dangerman,280
danielx510,3
dannyp32,22
danveloper,4
danh,1621
darronz,7
dave_k,27
davebcn87,9
daveganly,37
davejazz,10
davert,156
davidgl,179
davidolski,4
davidsrbu,5
davidwihl,3
dcerezo,101
dcole2929,6
dduckie,5
dduugg,5
deefour,18
deegles,1739
deffibaugh,12
dehl,10
delz,4
demallien,51
der_lavalamp,6
derekc,1427
desmondmorris,39
devinj,43
dewey,3157
dgallagher,275
dgr,156
dhatch387,276
dheer01,19
dickersonjames,201
dicy111,5
diericx,10
digiru,16
dimdimdimdim,7
dineshlodha,6
diodorus,5308
disappointedguy,14
disordinary,3
ditados,1664
djhomeless,9
dmgdmg,5
dnkume2,13
donkeyrider,3
donkeyd,10
donky_cong,22
dotluis,385
dperalta,81
dporan,404
dr4g0n,4
drac89,95
drgould,12
drhenner,3
drmrkela,50
droinspired,9
droopyEyelids,7
drumdance,73
drydry,3
dsalehipour,22
dshacker,16
dsingh,12
dsizzle,13
dsparry,4
duckyflip,263
dukekhaos,6
duuude,3
dviola,253
dvliman,8
dwwoelfel,2321
dxtripleh,3
dylanrw,33
dypllo,5
e-dard,7
earlyriser,361
earthserver,3
easilydoable,26
ebloch,156
eciqe,7
eddievb,16
eduardoejp,87
edwinnathaniel,174
efazati,17
efogg,5
egeozcan,101
eggchasing,33
eileenfluid,22
ejc,3
ekin,100
elbii,57
eleks,7
elias,103
elimanskaya,6
eliotfowler,13
elishatan,10
elizaveta,4
elkingtowa,392
elnn,227
elsamuko,75
elsigh,8
eludwig,3
elvio,22
eminetto,5
enjoyaol,16
enscr,66
epetre,33
epscylonb,8
equallysimple,11
equityzen,73
eragnew,62
eramirem,4
erichamc,7
ericksoa,5
escapegoat,6
europa,239
eyepulp,7
ezeskills,13
fabianoski,48
faceandbody,9
facepalm,126
fallingmeat,189
falseto,6
fapfapfav,11
faridh,6
fatimarizwan,30
fbailey,32
fchollet,2200
fe9q3s0s,5
featherless,29
fecklessyouth,30
feedable,5
feefie,4
fendmark,8
fernandosure,5
feyyaz,176
ffpaladin,208
ffyns,4
fiberbrb,3
film42,463
finch,7
findaway,87
firehydrant,3
fixel,216
fl0rins,3
flamontagne,10
flashahhahh,5
flashinfremont,160
flaviuss,70
flavy,4
floater,86
flyingmao,3
flyoso,4
fnnrodrigo,6
foobar1988,6
fosterdill,3
franciscoapinto,39
fransr,160
fredcastagnac,9
frederickquindt,16
frederickf,13
fredericl,94
free7,64
freikwcs,21
freshcsgrad,4
frisbee,3
fromtor,7
frontendforce,3
frutiger,6
ftpaul,115
funnywurld,20
furnitureinfash,14
fxj,59
fzkl,62
gabceb,54
gallegogt,3
gamapuna,9
gameserver,8
ganeumann,308
garrettr_,4
garthk,6
gasda,8
gates2010,3
gaurav_bubna,7
gavin_dm,23
gbin,459
gboyers,3
gbreton76,8
gbsi,32
gcsapo,4
gebt,46
geeks_world,11
gejjaxxita,177
genbattle,14
generationYpoet,5
georganos,4
georgem12,12
geoviani,3
gerryg,182
gglover,4
ggonweb,2902
ghempton,1332
gierach,21
giftgaming,7
gingersnaps1,4
gintas,315
giverz,3
gmirzaka,52
goalieca,90
gogogarrett,138
golfmatch,3
gongshow,20
gonzolito,3
goodday,4
goonie,21
gordondevoe,3
goudreauc,32
goughjustin,125
gpambrozio,34
gprasanth,744
graniter,3
greatnews,17
greg387,7
greglmercer,4
grizzle,18
gsoltis,41
gtCameron,213
gtaylor,494
gtkesh,15
gucker,9
guessmyname,3
guizeoyy,10
gwinnettkia,3
habith,9
habi,187
habs,864
hac3rll,12
hanachin,5
hanbam,32
hanchaplin,3
hanming,6
happythenewsad,5
hardwkr,3
harrisosserman,5
hcab,52
heavilyindebt,92
heckubadu,11
hector_minus,102
heika98,4
helloly,19
hellz99,3
hewoco,5
hilti,28
himachal93,192
himanshu,34
hiraki9,92
hiudshf454,3
hkanji,27
hkrealty,14
hkuo,42
hobs,225
hohohmm,61
horsehead,60
hotelinfoline,34
hotelsinger,4
howardg,96
hpeikemo,180
htss2013,52
humanfromearth,302
humble,3
hussa,7
hutt,5
huxley,47
hwkang,11
iamanet,445
iamlubos,3
ianfernz,5
ianseyer,14
ianwild,27
ibanez270dx,15
ibsathish,2590
ibstudios,7
icesoft,3
icoder,52
idop,33
igoogledit,5
igorgue,510
ijess,9
ijoo,9
imagepop,13
imakeapps,15
imatesus,17
import,4
inetsee,487
ingen0s,69
initpy,4
interfun,11
intinig,160
ioneluk,22
iqbaltas,4
ironmonger,7
ishaqwilliam,8
isurfbecause,10
itamarb,1431
itemzapp,15
ithrowitforfree,39
ivarpruijn,214
ivan,219
iwonagr,25
j0e1,21
jackjack1000,40
jacob197,8
jacobwatson,3
jakecacci,4
jake1,56
jakubw,15
james707,8
jamesbowman,80
jamesog,250
jamsbrown85,4
jangid,45
janstump,4
jansuhiant,15
jatinahuja2,26
jayhuang,544
jchapron,84
jcowie,7
jcubic,338
jdavid,715
jdhopeunique,47
jdloaner,4
jdoconnor,3
jdub,814
jeanjerome,20
jeffheard,21
jenhsun,740
jensthang,18
jeremb,5
jermaink,282
jerrymannel,27
jessriedel,204
jewelleryuk,17
jfahrenkrug,9
jfbmarketing,28
jhoeschmidt,8
jhwwpfhBuy,4
jianweichuah,3
jigneshlg,7
jilted,97
jiminycricket,5
jimmydata,18
jj09,89
jjantzen,23
jjfarren-,33
jlampart,5
jlaporte,9
jlengrand,355
jlonglaw,10
jmolz12,117
jmpe,108
jnil,14
jobmatchbox,26
joelmaat,118
jogo1,8
johlo,649
johnbenwoo,15
johngummadi,10
johnmcclean,3
johnrob,370
johnymontana,19
jonathanehrlich,161
jonathanwallace,116
jone1jas,8
jonmagic,46
jonmb,5
jonshea,34
jorazzle,28
jorgearturo,7
jorrizza,520
joseph76,5
joshkdavies,4
jpat,89
jpm9,57
jpritikin,7
jscheel,20
jskitz,4
jsrfded,430
jsundquist,8
jtrtoo,11
jtwarren,13
jtwb,3
jtyner,3
jtc,3
judgardner,3
julienco,3
juliend2,256
julnepht,7
jumblersearch,4
jumblesale,4
just4now,10
justinmwhite,19
justinpirie,16
jwksiaw,3
jf,3799
jo,20
k0nartist,79
k2pts,6
kadininsesi,3
kalandrakas,11
kalendae,11
kambain,6
kannappan,16
kapgoals,236
karenrubin,45
karel,3
kateroth,260
katrice,3
katytse,21
katzsarah,7
kaushikfrnd,34
kbparagua,3
kcline6,3
kdungs,5
kda,3
keithbro,13
kennethreitz,45
kermitten,74
kerneis,209
kevbin,1456
keven25,3
kevinaloys,12
khaidem,31
killerstorm,9
kilroy123,391
kineticfocus,125
kirillzubovsky,5240
kivanccub,4
klarski,73
klasdfakaf,3
klk,3
kmerlini,173
knicholes,6
knodi,161
koesie10,369
kokhen12,3
kornelija,91
krambs,473
krasi_nikolov,5
kriponx,7
krishanu92,3
kristianp,1904
krsgoss,70
kvdr,3
kyenneti,40
kyleGMT,14
kylefrankwhite,6
kylesethgray,3
kynichol,7
l_perrin,173
ladyidiy,4
laf2019,5
lalagrande,4
larry_hagel,17
larryon,17
lazyeye,46
lbus,9
lcdc00shn,9
ldom22,5
leandot,53
learnaholic,11
lefnire,274
leigh88,5
lemonysnicket,200
lentil_soup,721
leomayleomay,6
leonbelleville,3
leotvus,5
leovinci,4
lepht,94
lgraybill,5
lhasson,4
liamnewman,7
libraryatnight,307
lifeoffbi,9
liftman,5
lilypond,3
livestyle,743
lmz,11
localblox,27
locolapp,7
lodle,3
logicalparadox,5
lonelycode,4
longlebowski,4
looper888,5
loup-vaillant,188
lousy_sysadmin,23
lowsodiumdiet,3
lsaferite,6
lucindo,27
lucky7013,5
ludicast,159
ludwigvan,324
luka-birsa,52
lukeinth,197
lunwenzd,4
lurien,4
lyinsteve,181
m1dnight,9
m1ster,23
macavity23,19
macguyver,35
machbio,27
madboy,28
maddy812,15
madflo,46
madhan,33
madhusudancs,4
maheshrs,4
mailinator12,40
maimar,4
mallefitzo,16
manuisfunny,11
mappmechanic,6
marclipkin,3
marcusferrario,9
marcusnygren,6
marcusr,3
mariabrean,72
mariakanwal,5
mariocastro,26
markessien,290
marlowe,12
marrone,492
martin,27
maryrosecook,1176
mastahyeti,478
masylum,396
matan_yungman,38
mateja,4
matt_holden,115
mattadams,37
mattbettinson,60
mattcandler,10
matteodepalo,200
matthewcanty,12
matthewhughes,23
matthewmaven,45
matthewsharpe3,58
mattholling,65
matthtaube,13
mattlea,8
mattybow,3
mat3,58
maxaf,90
maxgrinev,7
maximebodereau,4
maxpanas,11
maxticket,97
maybeindie,34
mcalpine,3
mccada,16
mcnabj,172
mcprin,17
mdagostino,110
mediaefekt,4
medyo,275
meesterdude,159
meghanbender,3
mehzer,21
meltzerj,62
mephux,99
mfabbri77,22
mgwhitfield,100
mg_,9
mhitza,3
mhj123,3
mhw,772
micahroberson,8
michaeledwards,11
michaelmcmillan,40
michaelschade,232
mickrobk,215
micksavage,4
middlevin,19
milkers,212
mile,4
mimbee,9
mimmo,3
mindmirror,252
mintykeen,20
mistio,36
mladenkovacevic,118
mlakewood,34
mlapida,13
mmanos,4
mmbuckley,5
mmorris,132
mmuro,22
mohakraaj,4
momoro,49
monroepe,11
moonlighter,3174
moooooky,112
moridin007,20
morpheous,107
mortz,9
mpereira,202
mriyasam,4
mrkent,6
mrmrcoleman,217
mschmo,8
mseo,77
mstefff,170
msuprovici1,3
mtran,12
mwetzler,607
mxstbr,7
my3681,21
myk18,7
mysticatea,5
mythun,14
mzl,444
nLight,8
naa42,6
nabercro,5
nabzie,3
naloki,15
namzo,577
nantes,878
nashke,6
nathan_long,190
ndejager,4
nducoff,9
ndunn2,24
nebulon,74
neerajkumar1,18
negamax,119
neilunadkat12,87
never2far,367
nevir,35
newsbeagle,72
newsieapp,23
newuserone,5
niccolop,730
nicholasdrake,7
nicholasreed,544
nickbb,10
nickchuck,3
nicolaiw,5
nico,183
niftylettuce,763
nikdotca,8
niks,18
njackson5dW,4
njguidry,3
nkvl,726
nmassey,3
no_diet,3
noahtkoch,234
nodelessness,95
nohuck13,162
nomi137,9
nonofthem,4
nosecreek,533
notdan,41
notrom,3
noxToken,9
nsgi,80
nsomaru,665
nstevens,177
nstricevic,6
nswtd,5
nuwanbando,7
nj,169
obeid,8
oberman,4
ocanada,3
occult,68
officelist,5
ohiolaw,5
ojilles,119
olaf,113
olav,4
olegam2,51
olgash,3
oliviamorgan84,5
olympus,38
omett,4
omgbobbyg,90
onBlueDot,17
oneiroi,86
onetouchdev,6
onfocusin,21
oohaba,59
oppilman,63
ora600,38
ordinaryman,450
oridecon,184
oronno23,6
ostochast,38
ovoxo,35
owlpic,187
owtbw,15
oxyboy,6
p01ds,3
pacificstate,3
packersinindia,10
paiprog,11
paolocerni,4
parados,125
patburns,70
pattyoreally,6
pauljz,520
paulpaliath,6
paulyoung,31
pav3l,406
pbkhrv,4
pbotelho,286
pchm,168
peeza,4
peregrine,296
person_to_blame,19
petemill,11
peterarmitage,95
petermarcus22,3
pfletcherhill,23
pfranusic,12
phear,5
philjones88,66
philparsons,59
php,34
pikma,4
pinouchon,4
pixelllated,52
pjscott,353
pkiPress,8
pkirk,19
plasticscm,8
plaval,17
please_help,50
plucas,104
pluma,9
pndmnm,238
poindontcare,515
polimorfico,210
polvi,2100
poojasareen,3
poub,108
pranav7,19
pratheekms,4
pratiksaha,459
prattkidd,9
prawn,3615
prtk22,8
przytu1,37
pshih,4
pupy_login,3
pyramation,16
qingtianu1,12
qkpmle,3
quadedge,109
qudos,9
r-cyr,37
rachelnuwer,4
raddford66,3
rafrafphone,3
raghukamath,16
ragincajun,10
rahul_bhoj,3
rainmaker,17
ralphholzmann,33
ramavadakattu,5
ramisama,40
ramisms,656
raocah,8
rargulati,5
rawdreeg,5
rawkamatic,6
raymonds,3
raza2022,15
razorburn,2043
rcsorensen,369
rdudekul,996
redcrusher,22
reginaldo,225
reinierladan,7
remthename,14
resonator,147
restreitinho,109
revscat,588
rezachowdhury,24
rhoml,51
rhymetime,90
ribasushi,4
richarddunne,38
richardjs,207
richf,27
ricket,111
ritabablyy,10
ritug84,10
rizzchams,3
rmz,6
rnicholson,1020
rob3139,15
robdimsdale,4
robdjc,91
robert-zaremba,229
robertwiblin,262
robee,239
robkelly,93
rockinik,6
rohitpardasani,4
rolandboon,256
rosem,7
rosgreen100,30
rouma7,1159
rowofpixels,5
roytomeij,136
rserna,6
rtomayko,423
rtorr,77
rubinelli,542
rubymaverick,54
rubytuesday,17
rugbyhead,4
rviscomi,5
rwalling,406
ryanweal,182
ryanq,4
rg,104
s_cyrkin,6
saeta,145
safdar,15
sahatyalkabov,3
sajadshokri,5
samaysharma,529
samepant,77
samerbuna,52
sami123,6
sammorrisdesign,3
samnadine,4
samstarling,4
samvermette,82
samzer,16
sandfox,4
sandipagr,127
saneshark,3
santhuj,4
santospaglu,3
santrajan,21
saphirelivyy,8
sarahallen,205
sarenji,679
sat_nam,11
sbader,3
scanferla,3
scharp,3
schme,3
scommab,809
scoopr,313
scottieb33,7
scottrb,30
scrollbar,14
sdp,208
sean12517,3
sebid,14
sedouard,42
seky,291
seldo,1287
sendloop,11
seoconsultant,9
seoera,4
sergiunegara,36
sergiutruta,18
sethingtondev,5
seti321,10
setupint098,7
sevvie,3
sexystarimages,5
sep,343
sfrcom,5
sgh_1,6
sgodbillon,31
sgtpepper,4
shainvs,198
sharer,60
shayanbahal,277
shelly,196
shepbook,91
shinyPeanut,7
shipcode,60
shirdoo,11
shooki,4
shoote,3
short_circut,41
shorzyy,3
shouldIbehappy,3
shrikant,6311
shuutech,20
siddharthkp,7
sikhbeats,10
silntbob,29
simpfi,3
sinansk,4
sirdavidhuang,6
sirteno,1247
sjackso,6
skbohra123,4030
skywalker,5
slam3s,122
slavoingilizov,24
slisznia,4
slvv,264
smadaan,168
smallmarket,58
smcfashion,7
smct,16
smelliot,3
smorse5,10
snackoverflow,3
soheildb,14
sonalkr132,3
sonnyt,5
sontek,110
soofaloofa,346
sooftware,8
sootn,13
sorcix,5
sourabhcoder,3
spaghetticode,5
spanktheuser,8
sparrowcaleb,3
specally123,10
specrunner,4
spencermountain,23
spicyj,4343
splinterofchaos,38
sportwetten,3
spread_thin,5
sprypoint,9
sqrtnlogn,62
sraffa,9
sriram_sun,129
srirangr,3
ssimpson,3
ssuda,3
sswin,9
stan_d,45
starconfig,4
startupdeep,4
staticshock,84
stbenjam,310
stefenarkinson,8
stenmorten,7
steve19,464
stevenszabo,6
stevenwagner,11
stevo_perisic,78
stianan,46
stiiig,3
stillmaned,120
stitchy,35
stop,29
stravid,72
stuffaboutpete,6
stvitaldentist,3
styrmis,32
subbu4,8
sundaeofshock,4
sunrises44,7
superhighfives,12
supervc,6
surajkap,5
suryatech,3
sutas,7
sutinan5515,3
svrocks,23
swimorsinka,186
sxnol,5
sxstones,3
sylviamathews,3
syswsi,371
szegedi,35
taccint,7
tacoma_wa_dev,10
tahu,66
takluyver,9
talltofu,1169
tammer,53
tarmac,65
taylorwc,3066
tbgvi,881
tbx,7
tce,14
tdeitch,7
tech-junkie,12
techguyat,8
techlad84,24
technolo-g,17
techsavys,45
ted_danson,8
tejava,5
telcy,3
terrbeardotorg,7
teslamint,4
thatsnotme,141
thecoolkid,8
thecreativeham,4
thepacketrat,48
thepepy1,4
theperfectmatch,5
thepunisher55,3
thesp0nge,64
thespaniard,7
thestandard,6
theudude2002,28
thexa4,33
thiagokimo,12
thiloberlin,6
thirdreplicator,9
thomasstephn,4
thoughtpalette,4
thousandfive,3
throwaway432,6
throwaway__x,159
thrwawayaftruse,7
ticky,17
tidykiwi,141
tigress,25
tim_iles,4
timdalrymple,35
timesachangin,8
timsoulo,36
tisba,7
titicat59,30
tjeden,3
tjohns,196
tkramer,3
tmilewski,50
toeknee123,5
tomaskafka,82
tomituck,7
tommaxwelll,25
tommccabe,20
tplDrew2,71
tracyhou,14
trakin,43
travel193,5
trevorb,241
trope,5
troupe,21
trunks,73
trunnell,29
trurl123,8
tryary,171
tstonez,14
tsta,11
ttkwut,12
tumanian,6
typester,148
uberdarryl,8
uhoherk,3
ujjvala,3
ujjwalg,580
ukjadoon,8
ulugbek,62
understanding,13
unicodegirl,14
uniquearticle1,4
untog,951
usmanismail,4
uuoc,5
uzodave,14
vapid,3
vcatz,3
velasquezpurti,5
vengaishiva,7
vfc1,163
vgg,3
vicari999,3
vickingcrafts,4
vickytnz,31
vietor,8
vijayrc,4
vijayr,1993
vikramraja,7
viniosity,55
vipivip,288
viralvid,28
virgilerin,3
virtuexru,10
vlisivka,87
vram22,70
vsee,14
wagdy_elsheikh,7
wake2012,3
wallunit,320
warthogkernel,15
warway,13
watchandwait,323
waterflame,15
watson80,11
wcdolphin,45
webhat,1051
webhostingnews,16
webmasterraj,570
webzzle,12
weekends,4
weinerk,23
weknowalot-com,3
wellecks,39
wesleyac,125
westicle,997
whakojacko,301
whatupdave,548
where,6
whoisstan,6
wholenote,36
wickedOne,8
wildtype,11
willhaine,32
williamgogan,6
williampower,11
willwashburn,120
winbluegod,41
wingware,4
winton,133
wiradikusuma,1028
wispor,14
wkdrexam,19
wlai,4
wlievens,50
wmerchant,3
woodall,100
worldimperator,63
wornoutman,55
worr,67
wulfgarpro,137
wwe8956978,4
x0t,81
x1sc0,106
xDest,5
xenophanes,597
xhroot,52
xiaofen,3
xiyang,3
xmorph,3
xnbya,5
xndr,66
xxclp0e0,4
xxdesmus,48
y4m4,6
yakiv,103
yashodhan,14
yblokhin,15
ycmike,130
ycomtornews,3
yeya,3
yig,6
yjm,7
yogKarma,7
yogesh7890,8
yogodoshi,4
yotsumi,93
younic,5
yrashk,510
yumbutton,3
zacharytamas,1725
zachorr,131
zackola,4
zeckalpha,807
zedpm,164
zerd,30
zhenlo74c,4
zhuzhu,7
zieseil,4
zkz,623
znaky,3
zng,6
zporter,13
zsolt777,17
zswafford,3
zxzxlch,10
zyb09,42
